"Date","Grade","Price","Sale Type"
2023-10-22,10,51,"Auction"
2023-10-16,9,30.21,"Auction"
2023-10-02,9,21.5,"Auction"
2023-09-18,9,27,"Auction"
2023-08-14,9,31.38,"Auction"
2023-07-28,10,76.5,"Auction"
2023-07-16,9,20.5,"Auction"
2023-04-29,9,23,"Auction"
2023-04-21,8,20,"Auction"
2023-03-27,8,11.5,"Auction"
2023-03-27,10,84,"Auction"
2023-03-20,9,165,"Auction"
2023-03-20,10,292.5,"Auction"
2023-03-20,10,341,"Auction"
2023-03-20,9,202.5,"Auction"
2023-03-20,10,67,"Auction"
2023-03-19,10,330,"Auction"
2023-03-19,9,17.5,"Auction"
2023-03-19,9,181,"Auction"
2023-03-19,9,280,"Auction"
2023-03-19,9,26,"Auction"
2023-03-18,10,322.98,"Auction"
2023-03-18,10,325,"Auction"
2023-03-14,10,370,"Auction"
2023-03-13,9,192.5,"Auction"
2023-03-12,10,560,"Auction"
2023-03-12,10,355,"Auction"
2023-03-12,9,360,"Auction"
2023-03-09,9,172.5,"Auction"
2023-03-09,10,325,"Auction"
2023-03-08,10,325,"Auction"
2023-03-08,10,350,"Auction"
2023-03-08,10,290,"Auction"
2023-03-07,8,34.07,"Auction"
2023-03-07,10,320,"Auction"
2023-03-07,10,295,"Auction"
2023-03-07,10,278.89,"Auction"
2023-03-06,9,149.39,"Auction"
2023-03-06,9,260,"Auction"
2023-03-05,10,48.57,"Auction"
2023-03-03,10,70.5,"Auction"
2023-02-26,10,51,"Auction"
2023-02-18,10,54,"Auction"
2023-02-18,8,13.8,"Auction"
2023-02-05,10,55,"Auction"
2023-01-30,10,53,"Auction"
2023-01-30,10,285,"Auction"
2023-01-30,10,305,"Auction"
2023-01-29,10,285,"Auction"
2023-01-28,10,317,"Auction"
2023-01-27,10,318,"Auction"
2023-01-26,10,280,"Auction"
2023-01-24,10,306,"Auction"
2023-01-23,10,305,"Auction"
2023-01-23,10,305,"Auction"
2023-01-23,8,198,"Auction"
2023-01-22,9,147.52,"Auction"
2023-01-22,6,81,"Auction"
2023-01-20,10,280,"Auction"
2023-01-20,10,310,"Auction"
2023-01-19,10,293,"Auction"
2023-01-18,10,302,"Auction"
2023-01-18,10,303,"Auction"
2023-01-18,10,300.01,"Auction"
2023-01-18,10,271.12,"Auction"
2023-01-16,10,320,"Auction"
2023-01-15,10,395,"Auction"
2023-01-15,9,201,"Auction"
2023-01-15,10,315,"Auction"
2023-01-14,10,320,"Auction"
2023-01-14,10,340,"Auction"
2023-01-02,7,13.5,"Auction"
2022-12-30,10,75,"Auction"
2022-12-12,10,43.18,"Auction"
2022-12-04,8,21.67,"Auction"
2022-11-14,9,211.5,"Auction"
2022-11-04,10,345,"Auction"
2022-11-03,10,615.55,"Auction"
2022-11-02,10,355,"Auction"
2022-11-01,10,325,"Auction"
2022-11-01,10,573.74,"Auction"
2022-10-31,10,315,"Auction"
2022-10-31,10,325,"Auction"
2022-10-30,10,358,"Auction"
2022-10-30,10,330,"Auction"
2022-10-30,10,326.4,"Auction"
2022-10-30,10,150,"Auction"
2022-10-30,10,336,"Auction"
2022-10-29,10,305,"Auction"
2022-10-28,10,320,"Auction"
2022-10-28,9,182.5,"Auction"
2022-10-28,9,182.5,"Auction"
2022-10-23,10,365,"Auction"
2022-10-23,10,315,"Auction"
2022-10-22,10,346,"Auction"
2022-10-21,10,309.4,"Auction"
2022-10-20,10,330,"Auction"
2022-10-13,10,317,"Auction"
2022-10-13,9,150.02,"Auction"
2022-09-22,10,345.99,"Auction"
2022-03-02,10,425,"Auction"
2022-03-02,10,405,"Auction"
2022-02-18,10,531.18,"Auction"
2022-02-16,9,135,"Auction"
2022-02-14,9,195,"Auction"
2022-02-05,10,384,"Auction"
2022-02-05,10,406,"Auction"
2022-02-04,10,445,"Auction"
2022-02-04,10,360,"Auction"
2022-02-03,10,442,"Auction"
2022-01-31,10,800,"Auction"
2022-01-31,10,455,"Auction"
2022-01-30,10,455,"Auction"
2022-01-29,10,442.36,"Auction"
2022-01-26,10,370,"Auction"
2022-01-25,10,480,"Auction"
2022-01-24,10,710,"Auction"
2022-01-23,10,505.58,"Auction"
2022-01-23,9,228.5,"Auction"
2022-01-22,10,500,"Auction"
2022-01-20,10,395,"Auction"
2022-01-20,10,430,"Auction"
2022-01-20,10,453.95,"Auction"
2022-01-20,9,233.25,"Auction"
2022-01-20,10,399.99,"Auction"
2022-01-18,10,475,"Auction"
2022-01-18,10,660,"Auction"
2022-01-10,10,710,"Auction"
2022-01-09,9,210,"Auction"
2022-01-09,10,455,"Auction"
2022-01-09,9,331.19,"Auction"
2022-01-09,9,198.45,"Auction"
2022-01-08,9,198.85,"Auction"
2022-01-08,9,192.5,"Auction"
2022-01-07,10,510,"Auction"
2022-01-07,9,230,"Auction"
2022-01-06,10,425,"Auction"
2022-01-05,10,255.02,"Auction"
2022-01-04,10,362.77,"Auction"
2022-01-04,10,450,"Auction"
2022-01-04,9,167.5,"Auction"
2022-01-04,10,435,"Auction"
2022-01-03,10,510,"Auction"
2022-01-03,10,406.53,"Auction"
2022-01-03,9,192.5,"Auction"
2022-01-02,9,300,"Auction"
2022-01-02,10,415,"Auction"
2022-01-02,8,170.5,"Auction"
2022-01-02,9,202.5,"Auction"
2022-01-02,9,270,"Auction"
2022-01-01,10,446,"Auction"
2021-12-31,10,425,"Auction"
2021-12-12,10,407,"Auction"
2021-12-12,10,440,"Auction"
2021-12-12,10,440,"Auction"
2021-12-09,10,405,"Auction"
2021-12-09,9,306,"Auction"
2021-12-08,10,405,"Auction"
2021-12-07,10,435,"Auction"
2021-12-07,10,540,"Auction"
2021-12-06,9,202.5,"Auction"
2021-12-06,10,455,"Auction"
2021-12-06,10,430,"Auction"
2021-12-06,10,430,"Auction"
2021-12-05,9,232.5,"Auction"
2021-12-04,10,500,"Auction"
2021-12-03,9,200,"Auction"
2021-12-02,10,415,"Auction"
2021-12-02,9,151.5,"Auction"
2021-12-01,9,133.5,"Auction"
2021-11-30,10,570,"Auction"
2021-11-27,9,200,"Auction"
2021-11-26,9,202.5,"Auction"
2021-11-26,9,202,"Auction"
2021-11-25,9,255,"Auction"
2021-11-24,10,465,"Auction"
2021-11-24,10,465,"Auction"
2021-11-08,10,395,"Auction"
2021-11-07,10,420,"Auction"
2021-11-07,10,401.95,"Auction"
2021-11-05,10,410,"Auction"
2021-11-05,10,431.76,"Auction"
2021-11-02,10,421,"Auction"
2021-11-02,9,181.54,"Auction"
2021-10-30,10,585,"Auction"
2021-10-30,10,421,"Auction"
2021-10-29,10,476,"Auction"
2021-10-29,10,426,"Auction"
2021-10-27,10,449,"Auction"
2021-10-27,9,245,"Auction"
2021-10-26,10,497,"Auction"
2021-10-25,10,400,"Auction"
2021-10-25,9,250,"Auction"
2021-10-24,10,445,"Auction"
2021-10-24,10,480,"Auction"
2021-10-23,10,425,"Auction"
2021-10-21,9,160,"Auction"
2021-10-21,10,495,"Auction"
2021-10-21,10,460,"Auction"
2021-10-20,9,256,"Auction"
2021-10-20,10,475,"Auction"
2021-10-18,9,202.5,"Auction"
2021-10-05,10,485,"Auction"
2021-10-04,9,222.5,"Auction"
2021-10-03,10,405,"Auction"
2021-10-03,10,400,"Auction"
2021-10-03,10,482,"Auction"
2021-10-03,9,165.5,"Auction"
2021-10-03,9,206.5,"Auction"
2021-10-01,10,440,"Auction"
2021-10-01,10,415,"Auction"
2021-10-01,10,424,"Auction"
2021-09-30,9,348.47,"Auction"
2021-09-29,9,216.5,"Auction"
2021-09-29,10,424.65,"Auction"
2021-09-29,9,255,"Auction"
2021-09-29,10,438,"Auction"
2021-09-28,10,500,"Auction"
2021-09-28,10,430,"Auction"
2021-09-28,9,196.5,"Auction"
2021-09-28,10,445,"Auction"
2021-09-27,10,610,"Auction"
2021-09-24,10,465,"Auction"
2021-09-23,9,216.5,"Auction"
2021-09-23,10,790,"Auction"
2021-09-23,10,435,"Auction"
2021-09-22,10,460,"Auction"
2021-09-22,9,222.5,"Auction"
2021-09-22,10,399.95,"Auction"
2021-09-04,10,440,"Auction"
2021-09-04,10,450,"Auction"
2021-09-03,10,485,"Auction"
2021-09-02,9,310,"Auction"
2021-09-02,10,421,"Auction"
2021-09-02,10,420,"Auction"
2021-09-01,10,460,"Auction"
2021-09-01,10,440,"Auction"
2021-09-01,10,250,"Auction"
2021-08-31,10,462.03,"Auction"
2021-08-30,10,400,"Auction"
2021-08-30,10,430,"Auction"
2021-08-30,10,535,"Auction"
2021-08-29,10,455,"Auction"
2021-08-29,9,274.87,"Auction"
2021-08-29,9,305,"Auction"
2021-08-29,9,261.3,"Auction"
2021-08-28,10,482,"Auction"
2021-08-27,10,560,"Auction"
2021-08-26,10,495,"Auction"
2021-08-25,9,215.5,"Auction"
2021-08-25,8,177.5,"Auction"
2021-08-24,10,497,"Auction"
2021-08-24,10,495,"Auction"
2021-08-24,10,495,"Auction"
2021-08-15,10,485,"Auction"
2021-08-15,10,511.65,"Auction"
2021-08-14,10,650,"Auction"
2021-08-13,10,920,"Auction"
2021-08-13,10,565,"Auction"
2021-08-12,10,1039.71,"Auction"
2021-08-12,10,420,"Auction"
2021-08-11,10,410,"Auction"
2021-08-11,10,522.75,"Auction"
2021-08-11,10,460,"Auction"
2021-08-10,9,230,"Auction"
2021-08-10,10,510,"Auction"
2021-08-09,10,421,"Auction"
2021-08-08,10,460,"Auction"
2021-08-07,9,265,"Auction"
2021-08-07,10,472,"Auction"
2021-08-07,10,300,"Auction"
2021-08-07,9,261.07,"Auction"
2021-08-05,10,511,"Auction"
2021-08-04,9,225,"Auction"
2021-08-04,10,420,"Auction"
2021-08-04,10,530,"Auction"
2021-08-03,10,470,"Auction"
2021-08-02,10,687.76,"Auction"
2021-08-02,9,205.5,"Auction"
2021-08-02,10,435,"Auction"
2021-07-31,9,226.5,"Auction"
2021-07-30,10,570,"Auction"
2021-07-30,10,430,"Auction"
2021-07-30,10,610,"Auction"
2021-07-29,10,460,"Auction"
2021-07-27,9,263.19,"Auction"
2021-07-26,10,450.6,"Auction"
2021-07-26,10,436,"Auction"
2021-07-25,10,475,"Auction"
2021-07-25,10,475,"Auction"
2021-07-25,10,510,"Auction"
2021-07-24,10,491,"Auction"
2021-07-24,10,500,"Auction"
2021-07-24,9,306,"Auction"
2021-07-24,10,465,"Auction"
2021-07-23,10,500,"Auction"
2021-07-23,10,556.54,"Auction"
2021-07-22,10,510,"Auction"
2021-07-22,9,255,"Auction"
2021-07-22,10,350,"Auction"
2021-07-22,10,450,"Auction"
2021-07-22,10,485,"Auction"
2021-07-22,10,350,"Auction"
2021-07-21,10,455,"Auction"
2021-03-09,9,315,"Auction"
2021-03-09,9,381,"Auction"
2021-03-08,10,670,"Auction"
2021-03-08,9,345,"Auction"
2021-03-08,10,710,"Auction"
2021-03-08,10,580,"Auction"
2021-03-08,9,300,"Auction"
2021-03-07,10,676,"Auction"
2021-03-07,10,610,"Auction"
2021-03-07,9,300,"Auction"
2021-03-07,9,405,"Auction"
2021-03-06,9,345,"Auction"
2021-03-06,10,660,"Auction"
2021-03-05,10,710,"Auction"
2021-03-05,9,365,"Auction"
2021-03-05,10,655,"Auction"
2021-03-04,10,1143.23,"Best Offer"
2021-03-04,10,660,"Auction"
2021-03-04,8,307,"Auction"
2021-03-04,10,712,"Auction"
2021-03-03,9,341.03,"Auction"
2021-03-03,9,350,"Auction"
2021-03-03,10,1250,"Auction"
2021-03-03,10,660,"Auction"
2021-03-02,10,695,"Auction"
2021-03-02,10,660,"Auction"
2021-03-02,9,335,"Auction"
2021-03-01,10,710,"Auction"
2021-03-01,10,700,"Best Offer"
2021-03-01,10,815,"Best Offer"
2021-03-01,10,701.46,"Auction"
2021-03-01,10,703,"Auction"
2021-02-28,10,630,"Auction"
2021-02-28,10,659,"Auction"
2021-02-28,10,640,"Auction"
2021-02-28,9,420,"Best Offer"
2021-02-28,10,690,"Auction"
2021-02-28,10,630,"Auction"
2021-02-28,10,640,"Auction"
2021-02-28,10,655,"Auction"
2021-02-28,10,650,"Auction"
2021-02-28,10,610,"Auction"
2021-02-28,10,710,"Auction"
2021-02-28,10,640,"Auction"
2021-02-28,9,330,"Auction"
2021-02-28,10,640,"Auction"
2021-02-28,9,395,"Auction"
2021-02-28,10,670,"Auction"
2021-02-28,10,760,"Auction"
2021-02-28,10,635,"Auction"
2021-02-28,10,710,"Auction"
2021-02-28,10,700,"Auction"
2021-02-28,10,729.95,"Best Offer"
2021-02-27,10,701,"Auction"
2021-02-27,10,685,"Auction"
2021-02-26,10,620,"Auction"
2021-02-26,10,1250,"Auction"
2021-02-26,9,385,"Best Offer"
2021-02-26,10,635,"Auction"
2021-02-26,10,795,"Best Offer"
2021-02-25,10,705.12,"Best Offer"
2021-02-25,10,735,"Auction"
2021-02-24,9,650,"Best Offer"
2021-02-24,10,700,"Auction"
2021-02-24,10,660,"Auction"
2021-02-23,10,645,"Auction"
2021-02-23,9,355,"Auction"
2021-02-23,10,749.99,"Best Offer"
2021-02-23,9,400,"Auction"
2021-02-23,9,420,"Auction"
2021-02-23,10,660,"Auction"
2021-02-22,9,330,"Auction"
2021-02-22,10,650,"Auction"
2021-02-22,10,768,"Auction"
2021-02-22,10,780,"Auction"
2021-02-22,9,390,"Auction"
2021-02-22,10,727,"Auction"
2021-02-22,8,280,"Auction"
2021-02-22,9,401,"Auction"
2021-02-21,10,750,"Best Offer"
2021-02-21,10,660,"Auction"
2021-02-21,10,510,"Auction"
2021-02-20,10,660,"Auction"
2021-02-20,9,418,"Auction"
2021-02-14,9,398.99,"Auction"
2021-02-14,9,373.99,"Auction"
2021-02-14,10,725,"Auction"
2021-02-14,10,712.1,"Auction"
2021-02-14,10,670,"Auction"
2021-02-13,10,710,"Auction"
2021-02-13,10,650,"Auction"
2021-02-13,10,626,"Auction"
2021-02-12,10,657.89,"Auction"
2021-02-12,10,689.99,"Auction"
2021-02-12,10,720,"Auction"
2021-02-12,10,701,"Auction"
2021-02-11,9,380,"Auction"
2021-02-11,10,710,"Auction"
2021-02-11,10,570,"Auction"
2021-02-11,10,560,"Auction"
2021-02-11,10,730,"Auction"
2021-02-10,10,680,"Auction"
2021-02-10,9,355,"Auction"
2021-02-09,10,718,"Auction"
2021-02-09,10,20,"Auction"
2021-02-09,9,460,"Auction"
2021-02-09,10,700,"Auction"
2021-02-09,10,685,"Auction"
2021-02-08,10,720,"Auction"
2021-02-08,10,770,"Auction"
2021-02-08,10,700,"Auction"
2021-02-08,10,722,"Auction"
2021-02-08,10,710,"Auction"
2021-02-07,10,740,"Auction"
2021-02-07,9,395,"Auction"
2021-02-06,10,749.99,"Best Offer"
2021-02-06,10,700,"Auction"
2021-02-06,9,360,"Auction"
2021-02-06,10,665,"Auction"
2021-02-05,9,365,"Auction"
2021-02-05,10,610,"Auction"
2021-02-05,9,360,"Auction"
2021-02-05,10,710,"Auction"
2021-02-05,9,400,"Auction"
2021-02-04,9,455,"Auction"
2021-02-04,10,603,"Auction"
2021-02-04,10,685,"Auction"
2021-02-04,10,705,"Auction"
2021-02-03,9,405,"Auction"
2021-02-03,9,375,"Auction"
2021-02-03,10,725,"Auction"
2021-02-03,9,385,"Auction"
2021-02-03,9,310,"Auction"
2021-02-03,10,660,"Auction"
2021-02-01,10,670,"Auction"
2021-02-01,10,630,"Auction"
2021-02-01,10,793,"Auction"
2021-02-01,9,381,"Auction"
2021-01-31,9,410,"Auction"
2021-01-31,9,340,"Auction"
2021-01-31,10,690,"Auction"
2021-01-31,10,680,"Auction"
2021-01-30,10,670,"Auction"
2021-01-30,10,685,"Auction"
2021-01-30,10,743,"Auction"
2021-01-30,10,720,"Auction"
2021-01-30,10,672,"Auction"
2021-01-30,10,1825,"Auction"
2021-01-30,9,375,"Auction"
2021-01-29,10,670,"Auction"
2021-01-29,9,394,"Auction"
2021-01-28,10,698,"Auction"
2021-01-28,10,690,"Auction"
2021-01-28,10,720,"Auction"
2021-01-28,9,495,"Auction"
2021-01-28,10,640,"Auction"
2021-01-27,10,690,"Auction"
2021-01-27,10,700,"Auction"
2021-01-27,10,680,"Auction"
2021-01-27,9,400,"Auction"
2021-01-27,10,720,"Auction"
2021-01-26,9,367.89,"Auction"
2021-01-26,10,122.5,"Auction"
2021-01-26,10,700,"Best Offer"
2021-01-26,10,710,"Auction"
2021-01-26,10,791,"Auction"
2021-01-26,10,750,"Best Offer"
2021-01-26,10,650,"Auction"
2021-01-26,10,660,"Auction"
2021-01-25,10,713,"Auction"
2021-01-25,10,700,"Best Offer"
2021-01-25,10,450,"Auction"
2021-01-25,10,780,"Auction"
2021-01-25,10,611.89,"Auction"
2021-01-25,10,700,"Auction"
2021-01-25,10,1107.39,"Auction"
2021-01-25,8,305,"Auction"
2021-01-25,10,650,"Auction"
2021-01-24,10,750,"Best Offer"
2021-01-24,10,730,"Auction"
2021-01-24,10,660,"Auction"
2021-01-24,9,360,"Best Offer"
2021-01-23,10,710,"Auction"
2021-01-23,10,800,"Auction"
2021-01-19,10,655.51,"Auction"
2021-01-18,10,1350,"Auction"
2021-01-18,8,305,"Auction"
2021-01-18,10,645,"Auction"
2021-01-18,10,720,"Auction"
2021-01-18,8,290,"Auction"
2021-01-18,9,350,"Auction"
2021-01-17,10,675,"Auction"
2021-01-17,10,670,"Auction"
2021-01-17,10,650,"Best Offer"
2021-01-17,9,375,"Auction"
2021-01-16,10,690,"Auction"
2021-01-16,10,680.99,"Auction"
2021-01-16,10,675,"Auction"
2021-01-16,10,640,"Auction"
2021-01-16,10,640,"Auction"
2021-01-16,10,631,"Auction"
2021-01-16,9,455,"Auction"
2021-01-16,9,560,"Auction"
2021-01-16,10,670,"Auction"
2021-01-16,10,707,"Auction"
2021-01-16,10,770,"Auction"
2021-01-15,10,630,"Auction"
2021-01-15,10,680,"Auction"
2021-01-14,10,640.1,"Auction"
2021-01-14,10,715.99,"Auction"
2021-01-14,10,640,"Auction"
2021-01-14,9,335,"Auction"
2021-01-14,10,611,"Auction"
2021-01-13,10,690.1,"Auction"
2021-01-13,10,690.1,"Auction"
2021-01-13,10,600,"Best Offer"
2021-01-13,10,690,"Auction"
2021-01-13,10,731,"Auction"
2021-01-13,9,315,"Auction"
2021-01-13,10,680,"Auction"
2021-01-12,10,742.01,"Auction"
2021-01-12,10,650,"Auction"
2021-01-12,9,525.33,"Best Offer"
2021-01-12,10,650,"Best Offer"
2021-01-12,10,707,"Auction"
2021-01-12,10,695,"Auction"
2021-01-12,9,325,"Auction"
2021-01-12,9,350,"Best Offer"
2021-01-11,9,290,"Auction"
2021-01-11,10,780,"Auction"
2021-01-11,10,690,"Best Offer"
2021-01-11,10,720,"Auction"
2021-01-11,10,530,"Auction"
2021-01-11,8,285,"Auction"
2021-01-09,10,579,"Auction"
2021-01-09,10,660,"Auction"
2021-01-08,9,380,"Auction"
2021-01-08,10,760,"Auction"
2021-01-08,9,456,"Auction"
2021-01-08,10,705,"Auction"
2021-01-08,10,730,"Auction"
2021-01-08,10,660,"Auction"
2021-01-07,10,885,"Auction"
2021-01-06,10,730,"Auction"
2021-01-06,9,380,"Auction"
2021-01-06,10,710,"Auction"
2021-01-05,10,799.99,"Best Offer"
2021-01-05,10,709,"Auction"
2021-01-05,10,710,"Auction"
2021-01-05,10,678,"Auction"
2021-01-05,10,688.9,"Auction"
2021-01-04,10,680,"Auction"
2021-01-04,10,660,"Auction"
2021-01-04,10,720,"Auction"
2021-01-04,9,375,"Auction"
2021-01-04,10,799,"Auction"
2021-01-04,10,621.98,"Auction"
2021-01-04,10,665,"Auction"
2021-01-04,10,700,"Auction"
2021-01-04,10,715.07,"Auction"
2021-01-04,10,681,"Auction"
2021-01-04,10,650,"Best Offer"
2021-01-03,10,685,"Auction"
2021-01-03,10,700,"Auction"
2021-01-03,8,305,"Auction"
2021-01-03,9,430,"Auction"
2021-01-02,10,610,"Auction"
2021-01-01,10,640,"Auction"
2021-01-01,10,700,"Best Offer"
2021-01-01,10,700,"Auction"
2021-01-01,10,698.59,"Auction"
2021-01-01,10,400,"Auction"
2021-01-01,10,620,"Auction"
2021-01-01,10,660,"Auction"
2020-12-31,10,730,"Best Offer"
2020-12-31,9,450,"Best Offer"
2020-12-31,10,671,"Auction"
2020-12-31,10,780,"Auction"
2020-12-30,10,660,"Auction"
2020-12-30,10,620,"Auction"
2020-12-30,10,680,"Best Offer"
2020-12-30,9,315,"Auction"
2020-12-30,10,640,"Auction"
2020-12-30,10,600,"Best Offer"
2020-12-03,10,730,"Auction"
2020-12-03,10,718.5,"Auction"
2020-12-03,10,787,"Auction"
2020-12-03,10,790,"Auction"
2020-12-03,10,740.1,"Auction"
2020-12-03,10,720.1,"Auction"
2020-12-02,10,1000,"Auction"
2020-12-02,10,690,"Auction"
2020-12-02,10,710,"Auction"
2020-12-02,9,335,"Auction"
2020-12-02,10,810,"Auction"
2020-12-01,10,705,"Auction"
2020-12-01,10,843.77,"Auction"
2020-12-01,10,740,"Auction"
2020-12-01,9,400,"Auction"
2020-11-30,10,781,"Auction"
2020-11-30,10,770,"Auction"
2020-11-30,10,725,"Auction"
2020-11-30,10,800,"Auction"
2020-11-30,10,1525,"Auction"
2020-11-30,8,380,"Auction"
2020-11-30,10,1600,"Auction"
2020-11-30,10,802.67,"Auction"
2020-11-29,10,725,"Auction"
2020-11-29,9,480,"Best Offer"
2020-11-28,10,851.28,"Auction"
2020-11-28,9,440,"Auction"
2020-11-28,10,760,"Auction"
2020-11-28,10,750,"Auction"
2020-11-28,9,410,"Auction"
2020-11-28,10,790,"Auction"
2020-11-27,10,760,"Auction"
2020-11-27,9,437,"Auction"
2020-11-26,10,811,"Auction"
2020-11-26,9,380,"Auction"
2020-11-26,10,760,"Auction"
2020-11-25,10,3000,"Auction"
2020-11-25,10,830,"Auction"
2020-11-25,10,760,"Auction"
2020-11-25,10,810,"Auction"
2020-11-25,10,829.99,"Best Offer"
2020-11-25,10,780,"Auction"
2020-11-25,10,899,"Auction"
2020-11-24,10,780,"Auction"
2020-11-24,9,380,"Auction"
2020-11-24,9,417,"Auction"
2020-11-24,10,890,"Auction"
2020-11-24,10,820,"Auction"
2020-11-24,10,1475,"Auction"
2020-11-23,10,810,"Auction"
2020-11-23,9,460,"Auction"
2020-11-23,10,850,"Best Offer"
2020-11-23,9,455,"Auction"
2020-11-23,10,669,"Auction"
2020-11-23,8,435,"Auction"
2020-11-23,10,770,"Auction"
2020-11-23,10,810,"Auction"
2020-11-23,10,780,"Auction"
2020-11-23,10,860,"Auction"
2020-11-22,8,300,"Auction"
2020-11-22,10,810,"Auction"
2020-11-21,9,413.88,"Auction"
2020-11-21,9,999,"Best Offer"
2020-11-21,9,485,"Auction"
2020-11-21,10,810,"Auction"
2020-11-21,10,730,"Auction"
2020-11-21,10,799.99,"Auction"
2020-11-21,10,920,"Auction"
2020-11-21,10,761.02,"Auction"
2020-11-20,10,750,"Auction"
2020-11-20,10,890,"Auction"
2020-11-20,10,910,"Auction"
2020-11-20,9,445,"Auction"
2020-11-20,9,485,"Auction"
2020-11-19,10,829,"Auction"
2020-11-19,8,320,"Auction"
2020-11-19,10,830,"Auction"
2020-11-19,9,435,"Auction"
2020-11-19,10,735,"Auction"
2020-11-19,10,851,"Auction"
2020-11-19,10,870,"Auction"
2020-11-19,10,810.88,"Auction"
2020-11-19,10,1100,"Best Offer"
2020-11-18,9,455,"Best Offer"
2020-11-17,10,1275,"Auction"
2020-11-17,10,850,"Best Offer"
2020-11-17,10,851.1,"Auction"
2020-11-17,10,865,"Auction"
2020-11-17,10,930,"Auction"
2020-11-17,10,861.1,"Auction"
2020-11-17,10,885,"Best Offer"
2020-11-17,10,800,"Best Offer"
2020-11-17,10,860,"Auction"
2020-11-17,10,899,"Best Offer"
2020-11-17,9,500,"Best Offer"
2020-11-17,10,830,"Auction"
2020-11-16,7,279,"Auction"
2020-11-16,10,1550,"Auction"
2020-11-16,10,850,"Auction"
2020-11-15,10,930,"Best Offer"
2020-11-15,9,644.89,"Auction"
2020-11-15,10,1050,"Auction"
2020-11-15,10,950,"Best Offer"
2020-11-15,10,1000,"Best Offer"
2020-11-15,10,910,"Best Offer"
2020-11-15,10,890,"Auction"
2020-11-14,9,570,"Auction"
2020-11-14,10,865,"Auction"
2020-11-14,10,1000,"Best Offer"
2020-11-14,9,500,"Auction"
2020-11-14,10,1033,"Auction"
2020-11-14,10,949.99,"Best Offer"
2020-11-14,10,1000,"Best Offer"
2020-11-13,10,1400,"Best Offer"
2020-11-13,10,949.99,"Best Offer"
2020-11-13,10,1150,"Auction"
2020-11-13,10,1000,"Best Offer"
2020-11-13,10,830,"Auction"
2020-11-13,10,900,"Auction"
2020-11-13,10,932,"Auction"
2020-11-13,9,500,"Auction"
2020-11-12,10,940,"Best Offer"
2020-11-12,10,1000,"Auction"
2020-11-12,10,900,"Auction"
2020-11-12,10,810,"Auction"
2020-11-12,9,625,"Best Offer"
2020-11-12,9,607.04,"Auction"
2020-11-12,10,800,"Best Offer"
2020-11-11,10,920,"Auction"
2020-11-10,10,1049.99,"Best Offer"
2020-11-10,10,901.69,"Auction"
2020-11-10,10,950,"Best Offer"
2020-11-10,10,2000,"Auction"
2020-11-09,9,560,"Auction"
2020-11-09,10,911,"Auction"
2020-11-09,10,955,"Auction"
2020-11-09,10,941,"Auction"
2020-11-09,10,1010,"Best Offer"
2020-11-09,10,1050,"Auction"
2020-11-09,10,922.1,"Auction"
2020-11-09,9,510,"Auction"
2020-11-08,10,1000,"Auction"
2020-11-08,9,502.5,"Auction"
2020-11-07,10,1000,"Auction"
2020-11-07,10,2500,"Best Offer"
2020-11-07,10,1214,"Auction"
2020-11-07,10,963,"Auction"
2020-11-07,9,595,"Best Offer"
2020-11-07,10,1008,"Auction"
2020-11-06,10,1025,"Auction"
2020-11-06,8,365,"Auction"
2020-11-06,10,1215,"Best Offer"
2020-11-06,10,1250,"Best Offer"
2020-11-05,10,1080,"Auction"
2020-11-05,10,1150,"Auction"
2020-11-05,10,1075,"Auction"
2020-11-05,10,2176,"Auction"
2020-11-05,10,1000,"Auction"
2020-11-04,9,550,"Auction"
2020-11-04,10,1000,"Best Offer"
2020-11-03,10,1105,"Auction"
2020-11-03,10,1201,"Auction"
2020-11-03,10,1425,"Auction"
2020-11-03,10,1200,"Auction"
2020-11-03,10,1111,"Auction"
2020-11-02,10,1100,"Auction"
2020-11-02,10,1226,"Auction"
2020-11-02,10,1275,"Auction"
2020-11-02,10,1300,"Auction"
2020-11-02,10,1200,"Auction"
2020-11-02,10,1274.98,"Auction"
2020-11-01,10,1150,"Auction"
2020-11-01,9,760,"Auction"
2020-10-31,10,1500,"Best Offer"
2020-10-31,9,599,"Best Offer"
2020-10-30,10,1399,"Auction"
2020-10-30,10,1400,"Best Offer"
2020-10-30,10,1350,"Best Offer"
2020-10-30,10,1815.49,"Best Offer"
2020-10-30,10,1200,"Auction"
2020-10-30,9,685,"Auction"
2020-10-30,10,1425,"Auction"
2020-10-30,10,1525,"Auction"
2020-10-29,10,1332.11,"Auction"
2020-10-29,10,1500,"Best Offer"
2020-10-29,10,1300,"Best Offer"
2020-10-29,10,1425,"Auction"
2020-10-29,10,1375,"Best Offer"
2020-10-29,9,650,"Best Offer"
2020-10-29,9,689.99,"Best Offer"
2020-10-28,10,1425,"Auction"
2020-10-28,10,1625,"Auction"
2020-10-28,10,1525,"Auction"
2020-10-28,10,1225,"Auction"
2020-10-28,10,1450,"Auction"
2020-10-27,9,640,"Auction"
2020-10-27,10,1791.23,"Best Offer"
2020-10-27,10,1675,"Auction"
2020-10-27,9,630,"Auction"
2020-10-26,8,550,"Best Offer"
2020-10-26,10,1500,"Auction"
2020-10-26,10,1505,"Best Offer"
2020-10-26,10,1750,"Best Offer"
2020-10-26,10,1824.82,"Auction"
2020-10-26,10,1450,"Best Offer"
2020-10-25,10,1499,"Best Offer"
2020-10-25,9,650,"Auction"
2020-10-25,10,1575,"Auction"
2020-10-24,9,706,"Auction"
2020-10-24,10,1600,"Auction"
2020-10-23,10,1999.99,"Auction"
2020-10-23,10,2201,"Auction"
2020-10-23,10,2075,"Auction"
2020-10-22,10,1725,"Auction"
2020-10-22,10,2150,"Best Offer"
2020-10-22,9,760,"Auction"
2020-10-22,9,787,"Auction"
2020-10-21,9,760,"Auction"
2020-10-20,8,500,"Best Offer"
2020-10-20,8,499.99,"Auction"
2020-10-20,10,1775,"Auction"
2020-10-20,10,1950,"Best Offer"
2020-10-19,10,1800,"Best Offer"
2020-10-19,10,1580,"Auction"
2020-10-18,10,4000,"Best Offer"
2020-10-18,10,3400,"Best Offer"
2020-10-17,10,1750,"Best Offer"
2020-10-13,10,2500,"Best Offer"
2020-10-13,10,2200,"Best Offer"
2020-10-13,10,2325,"Auction"
2020-10-13,10,2500,"Best Offer"
2020-10-12,10,2000,"Best Offer"
2020-10-10,9,765,"Auction"
2020-10-10,9,999,"Best Offer"
2020-10-01,10,3501,"Best Offer"
